number,question,a_answers,T_marks,similarity_scores,marks-scored
1,Define a metaphor and provide an example.,"A metaphor is like a super cool way to compare things. It's when you say one thing is actually another thingeven though they're totally different. It makes your writing sound awesome and gives it more feeling. For example, when you say 'Her voice is music to my ears,' you don't really mean she's singing, but that her voice sounds really nice and makes you happy. So, metaphors help make your writing more interesting and helps people understand things better.",5,0.8657929301261902,4.75
2,Who is the author of the novel 'Pride and Prejudice'?,"The author of the novel 'Pride and Prejudice' is Jane Austen, a famous writer from a long time ago. She wrote this book in the olden days when people wore fancy dresses and had dances. It's about this girl named Elizabeth who falls in love with this guy named Mr. Darcy, but there are lots of problems because their families don't like each other. It's a really famous book and people still read it today because it's got romance and drama and stuff.",5,0.6687054634094238,3.5
3,Explain the concept of foreshadowing in literature.,"Foreshadowing is when the author gives you clues about what might happen later in the story. It's like a little hint or warning. It makes you think, 'Hmm, something big is gonna happen!' For example, if the author mentions a storm coming, you know something bad might happen. It's kinda like a sneak peek into the future. Foreshadowing makes the story more exciting and keeps you guessing. Sometimes you notice it, and sometimes you don't, but it's always there to make the story more interesting.",5,0.7900527715682983,4.25
4,What is the theme of the poem 'The Road Not Taken' by Robert Frost?,"The poem 'The Road Not Taken' is about making choices in life. It's like when you come to a fork in the road and have to decide which path to take. The speaker in the poem chooses the less traveled path, and it's all about how that choice makes a big difference. It's saying that sometimes it's good to be different and do your own thing. It's a deep poem that makes you think about the choices you make and how they shape your life. So, the theme is all about making decisions and being true to yourself.",5,0.7173726558685303,4.0
5,What is the purpose of using persuasive language in a speech?,"Persuasive language is like magic words that make people agree with you. It's when you try to convince someone to believe what you believe or do what you want them to do. When you use persuasive language in a speech, it's like you're trying to change their mind about something. You use strong words and emotional stories to make them feel a certain way. The purpose is to get people on your side and make them think, 'Hey, maybe they're right!' It's like being a superhero and using your words to save the day and get people to agree with you.",5,0.7092305421829224,4.0
6,Provide a brief summary of the play 'Romeo and Juliet' by William Shakespeare.,"'Romeo and Juliet' is this old play by Shakespeare, and it's like the ultimate love story. It's about these two teenagers, Romeo and Juliet, who fall in love at first sight, even though their families hate each other. They go through all these crazy things to be together, like secret meetings and secret marriages. But, of course, things don't end well because they both die in the end. It's a tragic play, but it's also a story about how love can conquer all, even in the face of hatred and violence. It teaches us that love is powerful and can make people do crazy things. It's a really famous play, and people still perform it today because it's got all the drama and passion you could ever want.",5,0.8252644538879395,4.75
