questions,answers,marks
"Define a metaphor and provide an example.","A metaphor is a figure of speech that compares two unrelated things by stating one thing is another. It adds depth and vividness to writing by creating imagery and invoking emotions. For example, in the metaphor 'Her voice is music to my ears,' the speaker is not implying that the person's voice is literally music, but rather highlighting the pleasing and delightful quality of her voice. By using metaphors, writers can engage readers' imagination, convey complex ideas, and evoke a range of emotions, making their writing more engaging and memorable.", 5
"Who is the author of the novel 'Pride and Prejudice'?","The author of the novel 'Pride and Prejudice' is Jane Austen. Published in 1813, the novel explores themes of love, class, and social expectations in Georgian-era England. Through the story of the Bennet family and the spirited protagonist Elizabeth Bennet, Austen critiques the societal norms and prejudices of the time. 'Pride and Prejudice' is celebrated for its witty dialogue, memorable characters, and timeless exploration of human relationships. Austen's work continues to be widely read and appreciated for its insightful portrayal of society and enduring themes.", 5
"Explain the concept of foreshadowing in literature.","Foreshadowing is a literary technique employed by authors to hint or suggest future events or outcomes in a story. It adds depth, suspense, and anticipation to the narrative. By dropping subtle clues or symbols, authors engage readers in deciphering and predicting what might happen later. Foreshadowing creates tension and intrigue, making readers eager to unravel the story's mysteries. It can be conveyed through dialogue, symbolism, imagery, or even events that parallel future occurrences. Overall, foreshadowing serves as a powerful storytelling tool, building anticipation and enriching the reading experience.", 5
"What is the theme of the poem 'The Road Not Taken' by Robert Frost?","The poem 'The Road Not Taken' by Robert Frost explores the theme of choices and their consequences. It presents a speaker faced with two diverging paths in a yellow wood. While both paths appear similar, the speaker ultimately chooses the less traveled one. The poem reflects on the significance of individual choices and the impact they have on one's life journey. It suggests that taking the unconventional path, the road less traveled, can lead to personal growth and fulfillment. Through vivid imagery and introspective tone, Frost's poem prompts readers to reflect on the choices they encounter in life.", 5
"What is the purpose of using persuasive language in a speech?","The purpose of using persuasive language in a speech is to influence and sway the audience's opinions or actions. It employs rhetorical devices, emotional appeals, and logical arguments to present a compelling case. The aim is to convince the audience of the speaker's viewpoint, inspire them to take action, or change their perspective on a particular issue. Persuasive language often involves carefully crafted language, storytelling, persuasive techniques such as ethos, pathos, and logos, as well as effective delivery. By employing persuasive language, speakers seek to engage their audience, build credibility, and inspire them to adopt a new belief or course of action.", 5
"Provide a brief summary of the play 'Romeo and Juliet' by William Shakespeare."," Romeo and Juliet, a tragic play by William Shakespeare, tells the story of two young lovers from feuding families in Verona, Italy. Romeo and Juliet defy societal expectations and pursue their forbidden love, leading to a series of tragic events. Their clandestine marriage, the interventions of well-meaning friends, and a chain of miscommunications ultimately result in their untimely deaths. Shakespeare's play explores themes of love, fate, and the consequences of unchecked passion. Through poetic language, complex characters, and dramatic plot twists, it remains a timeless tale of young love and the destructive power of hatred.", 5
