questions,answers,marks
"What is the process of photosynthesis?","Photosynthesis is the process by which plants, algae, and some bacteria convert sunlight, carbon dioxide, and water into glucose (a form of chemical energy) and oxygen. It is a complex biochemical process that occurs in the chloroplasts of plant cells. During photosynthesis, chlorophyll molecules in the chloroplasts capture light energy from the sun, which is used to split water molecules into oxygen and hydrogen ions. The energy from the sunlight is then used to synthesize glucose from carbon dioxide in a series of chemical reactions known as the Calvin cycle. The glucose produced serves as the primary source of energy for the plant, while the oxygen is released into the atmosphere as a byproduct.",7
"Define gravity.","Gravity is a fundamental force in nature that governs the attraction between objects with mass. It is responsible for the phenomenon of weight and plays a vital role in the motion of celestial bodies, such as planets, moons, and stars. According to the theory of general relativity formulated by Albert Einstein, gravity arises due to the curvature of spacetime caused by the presence of mass or energy. The more massive an object is, the stronger its gravitational pull. Gravity acts as an attractive force, pulling objects towards each other. It is what keeps us grounded on Earth and governs the motion of objects in the universe.",4
"What is the function of red blood cells?","Red blood cells, also known as erythrocytes, have a crucial role in the circulatory system. Their primary function is to transport oxygen from the lungs to various tissues and organs in the body. Red blood cells contain a protein called hemoglobin, which binds to oxygen molecules in the lungs and carries them through the bloodstream. This process is essential for cellular respiration, where oxygen is used by cells to produce energy. Additionally, red blood cells help transport carbon dioxide, a waste product of cellular respiration, from the body's tissues back to the lungs, where it can be exhaled.",5
"Explain the concept of inertia.","Inertia is a fundamental property of matter described by Isaac Newton's first law of motion. It refers to an object's resistance to changes in its state of motion. In simpler terms, it is the tendency of an object to stay at rest if it is initially at rest or to continue moving in a straight line at a constant speed if it is already in motion, unless acted upon by an external force. The inertia of an object depends on its mass: the greater the mass, the greater the inertia. For example, a heavy object requires more force to move or stop compared to a lighter object. Inertia is why we feel a backward force when a vehicle suddenly stops, as our bodies tend to resist changes in motion.",4
"What is the role of the nucleus in a cell?","The nucleus is a vital organelle found in eukaryotic cells and is often referred to as the control center of the cell. It houses the cell's genetic material, including DNA (deoxyribonucleic acid), which carries the instructions for the cell's structure, function, and development. The nucleus plays a crucial role in gene expression and regulation. It is responsible for DNA replication during cell division and controls the transcription of DNA into messenger RNA (mRNA), which serves as a template for protein synthesis. The nucleus also contains a dense structure called the nucleolus, which is involved in the production of ribosomes, the cellular structures responsible for protein synthesis. Overall, the nucleus plays a critical role in maintaining the cell's genetic integrity and coordinating various cellular processes.",5
