questions,answers,marks
"what is pyramid of Giza?","The pyramids of Giza are one of the most famous structures in the world. They were built over 4,500 years ago in ancient Egypt and are still standing today. The three main pyramids were built as tombs for Pharaohs Khufu, Khafre, and Menkaure. They are made out of limestone blocks that weigh several tons each and were transported from quarries many miles away. The Great Pyramid of Khufu is the largest and was the tallest man-made structure in the world for over 3,800 years.", 9
"What is great wall of China?","The Great Wall of China is the longest wall in the world, stretching over 13,000 miles. It was built over 2,000 years ago to protect China from invasions by various nomadic groups. The wall is made of brick, tamped earth, and stone and includes watchtowers, fortresses, and barracks for soldiers. Despite its massive size, the Great Wall failed to keep out invaders and was breached multiple times over the centuries.", 8
"Discuss painting of Mona lisa.","The Mona Lisa is a painting by Leonardo da Vinci that was completed in the early 16th century. It is a portrait of a woman believed to be Lisa Gherardini, the wife of a Florentine merchant. The painting is known for the enigmatic smile on the subject's face and has become one of the most famous works of art in the world. It is currently housed in the Louvre museum in Paris, France.", 7
"Explain Industrial Revolution.","The Industrial Revolution was a period of rapid industrialization that took place in the late 18th and early 19th centuries. It began in Britain and spread to other parts of Europe and North America. During this time, there were significant advancements in manufacturing, transportation, and communication technologies. The Industrial Revolution had a profound impact on society, leading to the rise of the middle class, urbanization, and new forms of labor and production.", 9
"Explain theory of Evaluation","The theory of evolution by natural selection was proposed by Charles Darwin in the mid-19th century. The theory explains how species change over time through the process of natural selection, where organisms that are better adapted to their environment are more likely to survive and reproduce. This leads to changes in the traits of the population over generations. The theory of evolution is supported by a large body of scientific evidence and is widely accepted by the scientific community.", 8
"Explain Human Brain","The human brain is the most complex organ in the body, containing over 100 billion neurons and trillions of connections between them. It is responsible for controlling bodily functions, processing sensory information, and enabling thought and consciousness. Despite decades of research, much remains unknown about how the brain works, and many neurological disorders still have no cure.", 9
"Explain Amerrican Civil war.","The American Civil War was a conflict between the Northern and Southern states of the United States that lasted from 1861 to 1865. The primary cause of the war was the issue of slavery, with Southern states arguing for its continuation and Northern states calling for its abolition. The war had a significant impact on the country, resulting in the deaths of over 600,000 soldiers and the eventual abolition of slavery.", 8
